{
  "defaultlang": "Es",

  "ItemsBlacklist": [
    "anithing"
  ],

  "Rooms": [
    {
      "Id": -100,
      "Name": "Habitacion 2B",
      "Price": 50.0,
      "DoorsStatus": [ -322.7286, 767.2573, 121.7059 ],
      "Doors": [
        [ -322.74942016602, 766.65637207031, 120.62321472168, 100.00 ]
      ],
      "Inventory": [ -327.1241, 764.3896, 122.6827, 2.0 ],
      "TPEnter": [ -323.707, 767.1247, 121.6827 ],
      "TPLeave": [ -321.8341, 767.2936, 121.6827 ],
      "MaxWeight": 20
    }
  ],

  "Houses": [
    {
      "Id": 34306,
      "InteriorName": "br_tre_house_cheat01",
      "Name": "Casita de Madera",
      "Price": 500.0,
      "DoorsStatus": [ 1115.467, -1989.276, 55.7 ],
      "Doors": [
        [ 1115.8677978516, -1989.7192382813, 54.376285552979, 115.13194274902 ]
      ],
      "Inventory": [ 1119.963, -1988.04, 54.7, 2.0 ],
      "MaxWeight": 50
    }
  ]
}
